City ID,City,Country,Date,Lat,Lng,Max Temp,Humidity,Cloudiness,Wind Speed
0,Fortuna,US,2022-08-14 15:58:38,40.5982,-124.1573,61.66,92,100,5.75
1,Manaure,CO,2022-08-14 15:58:38,11.7751,-72.4445,86.85,61,86,8.81
2,Umm Lajj,SA,2022-08-14 15:58:39,25.0213,37.2685,87.57,62,99,9.53
3,Port Lincoln,AU,2022-08-14 15:58:39,-34.7333,135.8667,50.7,82,93,8.55
4,Chapais,CA,2022-08-14 15:58:40,49.7834,-74.8492,69.58,51,99,3.31
5,Hobart,AU,2022-08-14 15:58:40,-42.8794,147.3294,52.27,92,40,10.36
6,Busselton,AU,2022-08-14 15:58:41,-33.65,115.3333,54.25,76,68,9.15
7,San Patricio,US,2022-08-14 15:58:42,28.017,-97.5169,79.84,88,100,12.08
8,Chuy,UY,2022-08-14 15:58:42,-33.6971,-53.4616,66.78,69,6,10.98
9,Torbay,CA,2022-08-14 15:58:43,47.6666,-52.7314,71.17,90,100,9.22
10,Hermanus,ZA,2022-08-14 15:58:43,-34.4187,19.2345,53.8,60,80,8.21
11,Jawar,IN,2022-08-14 15:58:44,23.0,76.5,74.68,93,100,8.52
12,Elizabeth City,US,2022-08-14 15:58:44,36.2946,-76.2511,80.02,73,77,7.49
13,Jamestown,US,2022-08-14 15:58:45,42.097,-79.2353,75.94,33,89,1.99
14,Nanortalik,GL,2022-08-14 15:58:45,60.1432,-45.2371,45.09,96,99,10.94
15,Kavieng,PG,2022-08-14 15:58:46,-2.5744,150.7967,80.6,74,99,7.92
16,Mataura,NZ,2022-08-14 15:58:46,-46.1927,168.8643,34.88,98,87,2.57
17,Gagnoa,CI,2022-08-14 15:58:47,6.1293,-5.9437,76.57,76,91,7.52
18,Atuona,PF,2022-08-14 15:58:48,-9.8,-139.0333,76.84,75,18,21.25
19,Punta Arenas,CL,2022-08-14 15:58:48,-53.15,-70.9167,37.51,87,75,13.8
20,Qaanaaq,GL,2022-08-14 15:58:49,77.484,-69.3632,42.6,64,100,11.01
21,New Norfolk,AU,2022-08-14 15:58:49,-42.7826,147.0587,51.93,85,100,1.01
22,Ossora,RU,2022-08-14 15:58:50,59.2353,163.0719,56.3,96,100,8.43
23,Ostrovnoy,RU,2022-08-14 15:58:50,68.0531,39.5131,52.32,85,100,10.22
24,Tommot,RU,2022-08-14 15:58:51,58.9564,126.2925,55.09,99,100,3.2
25,Abu Samrah,SY,2022-08-14 15:58:51,35.3029,37.1841,83.89,39,0,19.86
26,Mar Del Plata,AR,2022-08-14 15:57:13,-38.0023,-57.5575,59.02,87,40,8.05
27,Khani,GE,2022-08-14 15:58:52,41.9563,42.9566,74.77,86,0,2.28
28,Khatanga,RU,2022-08-14 15:58:53,71.9667,102.5,52.72,55,22,6.82
29,Tuktoyaktuk,CA,2022-08-14 15:58:53,69.4541,-133.0374,42.8,93,100,14.97
30,Wanning,CN,2022-08-14 15:58:54,18.8003,110.3967,81.01,86,9,5.46
31,Bluff,NZ,2022-08-14 15:58:54,-46.6,168.3333,43.97,84,97,5.86
32,Mount Gambier,AU,2022-08-14 15:58:55,-37.8333,140.7667,49.48,92,94,9.64
33,Nishihara,JP,2022-08-14 15:58:56,26.1842,127.7558,83.48,79,20,16.11
34,Yulara,AU,2022-08-14 15:58:57,-25.2406,130.9889,60.08,24,0,7.7
35,Kapaa,US,2022-08-14 15:58:58,22.0752,-159.319,75.18,89,28,1.01
36,Iguape,BR,2022-08-14 15:58:58,-24.7081,-47.5553,71.26,71,97,2.98
37,Georgetown,MY,2022-08-14 15:58:59,5.4112,100.3354,85.95,84,20,2.3
38,Longyearbyen,SJ,2022-08-14 15:58:59,78.2186,15.6401,44.44,81,75,10.36
39,Coihaique,CL,2022-08-14 15:59:00,-45.5752,-72.0662,34.41,93,100,12.66
40,Port Hardy,CA,2022-08-14 15:59:01,50.6996,-127.4199,59.18,94,75,6.91
41,Gazli,UZ,2022-08-14 15:59:01,40.1333,63.45,91.35,15,0,12.21
42,Rikitea,PF,2022-08-14 15:59:02,-23.1203,-134.9692,72.82,79,15,19.22
43,Ilulissat,GL,2022-08-14 15:59:02,69.2167,-51.1,41.54,87,100,7.49
44,Yar-Sale,RU,2022-08-14 16:00:03,66.8333,70.8333,45.19,67,100,21.92
45,Bollnas,SE,2022-08-14 16:00:03,61.3482,16.3946,75.51,55,23,9.4
46,Ribeira Grande,PT,2022-08-14 16:00:04,38.5167,-28.7,81.0,83,40,13.8
47,Dikson,RU,2022-08-14 16:00:05,73.5069,80.5464,42.48,99,100,2.77
48,Rio Gallegos,AR,2022-08-14 16:00:07,-51.6226,-69.2181,42.04,55,9,12.39
49,Barrow,US,2022-08-14 16:00:07,71.2906,-156.7887,35.91,81,100,7.14
50,Surt,LY,2022-08-14 16:00:08,31.2089,16.5887,89.96,38,0,6.53
51,Butembo,CD,2022-08-14 16:00:10,0.15,29.2833,60.84,94,98,1.66
52,Leh,IN,2022-08-14 16:00:11,34.1667,77.5833,72.5,32,56,5.84
53,Albany,US,2022-08-14 16:00:12,42.6001,-73.9662,78.64,48,0,1.01
54,Neiafu,TO,2022-08-14 16:00:12,-18.65,-173.9833,74.21,66,100,24.54
55,Alta Floresta,BR,2022-08-14 15:59:57,-9.8756,-56.0861,94.82,34,5,4.61
56,Kurchum,KZ,2022-08-14 16:00:14,48.5722,83.6542,68.76,43,0,8.43
57,Bredasdorp,ZA,2022-08-14 16:00:14,-34.5322,20.0403,48.33,69,63,6.55
58,Benguela,AO,2022-08-14 16:00:15,-12.5763,13.4055,73.09,69,0,12.17
59,Isla Vista,US,2022-08-14 16:00:15,34.4133,-119.861,91.35,28,1,4.94
60,Avarua,CK,2022-08-14 16:00:16,-21.2078,-159.775,71.65,78,100,4.61
61,Vila Franca Do Campo,PT,2022-08-14 16:00:17,37.7167,-25.4333,79.21,73,19,8.28
62,Ventspils,LV,2022-08-14 16:00:12,57.3894,21.5606,84.13,42,0,5.75
63,Narsaq,GL,2022-08-14 16:00:17,60.9167,-46.05,57.42,88,90,5.59
64,Hithadhoo,MV,2022-08-14 16:00:18,-0.6,73.0833,83.39,70,100,5.55
65,Tuatapere,NZ,2022-08-14 16:00:19,-46.1333,167.6833,37.81,90,93,4.45
66,Katangli,RU,2022-08-14 16:00:19,51.7102,143.2326,51.33,98,87,4.74
67,Banjar,ID,2022-08-14 16:00:20,-8.19,114.9675,76.75,92,36,3.02
68,Mocajuba,BR,2022-08-14 16:00:20,-2.5842,-49.5072,94.98,33,19,5.28
69,Provideniya,RU,2022-08-14 16:00:21,64.3833,-173.3,40.66,74,2,3.06
70,Ponta Do Sol,PT,2022-08-14 16:00:21,32.6667,-17.1,81.72,70,5,2.1
71,Victoria,HK,2022-08-14 15:56:38,22.2855,114.1577,86.18,85,9,1.99
72,Santa Maria,BR,2022-08-14 16:00:22,-29.6842,-53.8069,71.62,66,86,5.73
73,Nago,JP,2022-08-14 16:00:23,26.5881,127.9761,82.45,82,54,12.01
74,Aransas Pass,US,2022-08-14 16:00:24,27.9095,-97.15,79.99,93,100,18.41
75,Nikolskoye,RU,2022-08-14 16:00:24,59.7035,30.7861,76.89,50,7,6.55
76,Faya,SA,2022-08-14 16:00:25,18.3851,42.4509,70.7,73,99,9.24
77,Vaini,TO,2022-08-14 16:00:26,-21.2,-175.2,72.14,66,81,25.84
78,Almenara,BR,2022-08-14 16:00:27,-16.1836,-40.6944,83.28,28,9,7.09
79,Totness,SR,2022-08-14 16:00:28,5.8833,-56.3167,86.56,55,91,9.89
80,Bac Lieu,VN,2022-08-14 16:00:29,9.285,105.7244,80.24,80,10,9.8
81,Guerrero Negro,MX,2022-08-14 16:00:29,27.9769,-114.0611,77.99,61,42,7.85
82,Sanlucar La Mayor,ES,2022-08-14 16:00:30,37.3871,-6.2011,96.48,21,0,5.99
83,Tiksi,RU,2022-08-14 16:00:30,71.6872,128.8694,41.5,93,100,6.6
84,Broome,US,2022-08-14 16:00:31,42.2506,-75.833,80.62,41,9,5.01
85,Mingguang,CN,2022-08-14 16:00:31,32.7802,117.9638,86.74,56,100,8.86
86,San Cristobal,VE,2022-08-14 16:00:32,7.7669,-72.225,82.78,48,21,7.23
87,Sitka,US,2022-08-14 16:00:33,57.0531,-135.33,57.9,94,100,3.42
88,Kudahuvadhoo,MV,2022-08-14 16:00:33,2.6708,72.8944,82.27,75,63,7.09
89,Ushuaia,AR,2022-08-14 16:01:34,-54.8,-68.3,35.55,87,100,2.68
90,Castro,BR,2022-08-14 16:01:35,-24.7911,-50.0119,73.15,39,28,7.29
91,Caracuaro,MX,2022-08-14 16:01:35,19.0106,-101.1264,78.13,78,65,2.21
92,Pirovskoye,RU,2022-08-14 16:01:36,57.6267,92.2658,54.82,96,69,11.56
93,Beringovskiy,RU,2022-08-14 16:01:36,63.05,179.3167,48.06,80,84,5.64
94,Morehead,US,2022-08-14 16:01:37,37.2711,-87.1764,81.79,63,0,10.36
95,Kaitangata,NZ,2022-08-14 16:01:38,-46.2817,169.8464,39.24,95,78,6.29
96,Bethel,US,2022-08-14 16:01:38,41.3712,-73.414,81.36,48,82,1.99
97,Kenai,US,2022-08-14 16:01:39,60.5544,-151.2583,53.1,96,75,0.0
98,Kumphawapi,TH,2022-08-14 16:01:39,17.1087,103.0149,81.82,99,100,4.85
99,Cabo San Lucas,MX,2022-08-14 16:01:40,22.8909,-109.9124,91.62,78,65,4.0
100,Puerto Ayora,EC,2022-08-14 16:01:40,-0.7393,-90.3518,71.55,91,99,8.01
101,Carnarvon,AU,2022-08-14 16:01:41,-24.8667,113.6333,67.06,73,0,8.46
102,Cherskiy,RU,2022-08-14 16:01:41,68.75,161.3,35.65,90,98,11.72
103,Arraial Do Cabo,BR,2022-08-14 16:01:42,-22.9661,-42.0278,71.51,71,27,23.71
104,Zhigansk,RU,2022-08-14 16:01:42,66.7697,123.3711,54.32,91,100,5.39
105,Kapchorwa,UG,2022-08-14 16:01:43,1.3965,34.4509,60.69,81,73,2.55
106,Mpika,ZM,2022-08-14 16:01:44,-11.8343,31.4529,68.25,40,1,6.26
107,Porto Novo,BJ,2022-08-14 16:01:44,6.4965,2.6036,76.82,87,100,14.56
108,Bend,US,2022-08-14 15:58:13,44.0582,-121.3153,66.72,54,0,1.99
109,Hilo,US,2022-08-14 16:01:45,19.7297,-155.09,81.28,87,50,5.01
110,Poronaysk,RU,2022-08-14 16:01:46,49.2167,143.1167,58.96,92,100,3.42
111,Kattivakkam,IN,2022-08-14 16:01:46,13.2167,80.3167,87.89,79,100,8.41
112,Butaritari,KI,2022-08-14 16:01:47,3.0707,172.7902,81.54,78,100,14.81
113,Meulaboh,ID,2022-08-14 16:01:47,4.1363,96.1285,79.29,79,98,2.82
114,Sao Filipe,CV,2022-08-14 16:01:48,14.8961,-24.4956,77.65,78,76,8.43
115,Hamilton,US,2022-08-14 15:57:37,39.1834,-84.5333,68.77,47,49,7.07
116,Pital,CO,2022-08-14 16:01:49,2.2665,-75.8044,77.32,59,90,6.58
117,Gizo,SB,2022-08-14 16:01:49,-8.103,156.8419,80.89,75,95,1.77
118,Fairbanks,US,2022-08-14 16:01:50,64.8378,-147.7164,58.24,86,98,1.01
119,North Branch,US,2022-08-14 16:01:50,45.5113,-92.9802,70.09,59,100,6.46
120,Roebourne,AU,2022-08-14 16:01:51,-20.7833,117.1333,72.46,62,0,0.96
121,Anzio,IT,2022-08-14 16:01:52,41.4853,12.6179,88.86,46,48,7.25
122,Denpasar,ID,2022-08-14 16:00:38,-8.65,115.2167,80.26,88,20,9.22
123,Yellowknife,CA,2022-08-14 16:01:27,62.456,-114.3525,66.56,55,23,8.99
124,Tasiilaq,GL,2022-08-14 16:01:53,65.6145,-37.6368,48.36,68,60,4.72
125,Fukue,JP,2022-08-14 16:01:54,32.6881,128.8419,83.28,87,88,13.96
126,Huilong,CN,2022-08-14 16:01:54,31.8111,121.655,86.94,84,89,19.06
127,Alofi,NU,2022-08-14 16:01:55,-19.0595,-169.9187,72.84,69,100,23.71
128,Rehoboth,NA,2022-08-14 16:01:55,-23.3167,17.0833,66.69,18,11,9.78
129,Arlit,NE,2022-08-14 16:01:56,18.7369,7.3853,106.99,9,37,3.06
130,Vila,PT,2022-08-14 16:01:56,42.0304,-8.1588,72.7,48,89,8.21
131,Xuddur,SO,2022-08-14 16:01:57,4.1213,43.8894,81.34,51,100,18.41
132,Severo-Kurilsk,RU,2022-08-14 16:01:57,50.6789,156.125,54.37,98,100,14.9
133,Bandarbeyla,SO,2022-08-14 16:01:58,9.4942,50.8122,76.8,81,77,31.5
134,Flinders,AU,2022-08-14 16:02:58,-34.5833,150.8552,56.17,62,52,5.99
135,Ambon,ID,2022-08-14 16:02:59,-3.6954,128.1814,80.74,78,40,4.61
136,Padang,ID,2022-08-14 16:02:59,-0.9492,100.3543,79.23,85,98,3.0
137,Khuzhir,RU,2022-08-14 16:03:00,53.1939,107.3397,57.33,76,49,2.84
138,Port Alfred,ZA,2022-08-14 16:03:01,-33.5906,26.891,52.18,75,29,13.0
139,Silver City,US,2022-08-14 16:03:01,32.7701,-108.2803,75.16,63,75,1.01
140,Te Anau,NZ,2022-08-14 16:03:02,-45.4167,167.7167,34.59,93,100,1.39
141,Devils Lake,US,2022-08-14 15:59:18,48.1128,-98.8651,72.95,77,53,3.0
142,De-Kastri,RU,2022-08-14 16:03:02,51.4667,140.7833,57.38,93,64,3.06
143,Walvis Bay,NA,2022-08-14 16:03:03,-22.9575,14.5053,58.91,68,1,22.12
144,Salisbury,GB,2022-08-14 16:00:21,51.0693,-1.7957,90.68,25,100,12.06
145,Waddan,LY,2022-08-14 16:03:04,29.1614,16.139,97.52,18,0,11.99
146,Pingxiang,CN,2022-08-14 15:59:53,27.6167,113.85,84.43,63,32,3.02
147,Zeya,RU,2022-08-14 16:03:05,53.75,127.2667,58.12,96,100,2.15
148,Shiyan,CN,2022-08-14 16:03:05,32.6475,110.7781,86.41,57,100,0.89
149,Constitucion,CL,2022-08-14 16:03:06,-35.3333,-72.4167,51.96,88,100,9.86
150,Bryan,US,2022-08-14 16:02:37,30.6744,-96.37,89.47,65,40,9.22
151,Mahebourg,MU,2022-08-14 16:03:07,-20.4081,57.7,70.09,73,75,16.11
152,Riyadh,SA,2022-08-14 15:59:44,24.6877,46.7219,107.74,9,91,8.05
153,Lebu,CL,2022-08-14 16:02:58,-37.6167,-73.65,49.87,87,99,21.72
154,Valparaiso,CL,2022-08-14 16:00:26,-33.0393,-71.6273,54.48,100,100,8.41
155,Esperance,AU,2022-08-14 16:03:08,-33.8667,121.9,53.08,77,0,4.36
156,Union City,US,2022-08-14 15:58:41,37.5958,-122.0192,72.1,77,0,3.44
157,Shingu,JP,2022-08-14 16:00:05,33.7333,135.9833,78.78,91,48,5.84
158,East London,ZA,2022-08-14 16:03:09,-33.0153,27.9116,58.5,51,45,30.82
159,Kiunga,PG,2022-08-14 16:03:10,-6.1219,141.2906,72.32,99,100,2.06
160,Concordia,AR,2022-08-14 16:03:11,-31.393,-58.0209,74.79,57,25,17.0
161,Katsuura,JP,2022-08-14 16:03:11,35.1333,140.3,80.2,91,25,17.65
162,Palmer,US,2022-08-14 16:03:12,42.1584,-72.3287,80.89,39,40,5.75
163,Llanes,ES,2022-08-14 16:03:12,43.4198,-4.7549,73.17,65,34,3.98
164,Ambilobe,MG,2022-08-14 16:03:13,-13.2,49.05,72.25,61,34,9.53
165,Deputatskiy,RU,2022-08-14 16:03:13,69.3,139.9,37.47,97,100,4.74
166,Kuryk,KZ,2022-08-14 16:03:14,43.2,51.65,92.23,22,0,4.97
167,Palu,ID,2022-08-14 16:03:15,-0.8917,119.8707,75.51,96,99,2.68
168,Chebsara,RU,2022-08-14 16:03:15,59.2002,38.8356,74.53,77,83,4.59
169,Vardo,NO,2022-08-14 16:03:16,70.3705,31.1107,55.38,58,20,24.16
170,Cidreira,BR,2022-08-14 16:03:16,-30.1811,-50.2056,65.32,76,14,11.9
171,Norman Wells,CA,2022-08-14 16:03:17,65.282,-126.8329,70.09,46,56,3.04
172,Darhan,MN,2022-08-14 16:03:17,49.4867,105.9228,58.68,90,96,5.5
173,Malakal,SS,2022-08-14 16:03:18,9.5334,31.6605,72.12,96,100,4.68
174,Cape Town,ZA,2022-08-14 15:59:37,-33.9258,18.4232,56.1,58,20,16.11
175,Faanui,PF,2022-08-14 16:03:19,-16.4833,-151.75,78.58,75,4,16.87
176,Pointe-Noire,CG,2022-08-14 16:03:19,-4.7761,11.8635,74.05,69,13,8.77
177,Dibulla,CO,2022-08-14 16:03:20,11.2725,-73.3091,83.91,71,89,6.82
178,Chokurdakh,RU,2022-08-14 16:03:20,70.6333,147.9167,35.44,80,20,7.05
179,Vilcun,CL,2022-08-14 16:03:21,-38.65,-72.2333,45.86,85,96,12.48
180,Barranca,PE,2022-08-14 16:03:21,-10.75,-77.7667,64.62,73,64,9.44
181,Seoul,KR,2022-08-14 15:58:26,37.5683,126.9778,80.2,89,100,8.05
182,Sfantu Gheorghe,RO,2022-08-14 16:04:22,45.8667,25.7833,70.93,68,99,5.08
183,Okemos,US,2022-08-14 16:03:33,42.7223,-84.4275,66.51,94,100,6.91
184,Kadaya,RU,2022-08-14 16:04:23,50.9327,119.2911,63.39,51,99,0.98
185,Umm Kaddadah,SD,2022-08-14 16:04:23,13.6017,26.6876,85.98,49,53,12.21
186,Port-Gentil,GA,2022-08-14 16:04:24,-0.7193,8.7815,76.96,78,40,16.11
187,Saint-Augustin,CA,2022-08-14 16:04:24,51.226,-58.6502,63.25,86,100,15.55
188,Anadyr,RU,2022-08-14 16:01:14,64.75,177.4833,51.01,62,90,13.0
189,Homer,US,2022-08-14 16:04:25,59.6425,-151.5483,53.04,90,100,4.61
190,Uvarovka,RU,2022-08-14 16:04:26,55.5278,35.6061,74.03,59,65,3.49
191,Uvira,CD,2022-08-14 16:04:26,-3.4067,29.1458,78.69,64,88,8.39
192,Cam Ranh,VN,2022-08-14 16:04:27,11.9214,109.1591,80.56,83,20,1.14
193,Airai,TL,2022-08-14 16:04:27,-8.9266,125.4092,55.71,88,44,3.67
194,Upernavik,GL,2022-08-14 16:04:28,72.7868,-56.1549,44.24,76,100,6.76
195,Chiradzulu,MW,2022-08-14 16:04:28,-15.6746,35.1407,70.27,33,0,4.7
196,Bambous Virieux,MU,2022-08-14 16:04:29,-20.3428,57.7575,70.05,73,75,16.11
197,Suoyarvi,RU,2022-08-14 16:04:29,62.0833,32.35,71.04,54,7,4.32
198,Hasaki,JP,2022-08-14 16:04:30,35.7333,140.8333,77.29,88,9,7.36
199,Kodiak,US,2022-08-14 16:04:30,57.79,-152.4072,53.11,94,100,0.0
200,Cayenne,GF,2022-08-14 16:04:31,4.9333,-52.3333,89.64,33,75,9.22
201,Vila Velha,BR,2022-08-14 16:00:49,-20.3297,-40.2925,73.94,63,29,9.89
202,Marawi,PH,2022-08-14 16:04:32,7.9986,124.2928,69.12,92,99,4.97
203,Byron Bay,AU,2022-08-14 16:04:32,-28.65,153.6167,50.7,66,3,8.19
204,Tilichiki,RU,2022-08-14 16:04:33,60.4667,166.1,53.58,96,100,5.08
205,Bengkulu,ID,2022-08-14 16:04:33,-3.8004,102.2655,77.29,89,100,3.98
206,Baculin,PH,2022-08-14 16:04:34,7.4525,126.5842,76.96,83,58,5.73
207,Vilyuysk,RU,2022-08-14 16:04:34,63.7553,121.6247,55.92,98,100,1.59
208,Teya,RU,2022-08-14 16:04:35,60.3778,92.6267,55.09,99,100,3.33
209,Pisco,PE,2022-08-14 16:04:28,-13.7,-76.2167,63.01,79,54,6.42
210,Dukat,RU,2022-08-14 16:04:36,62.55,155.55,49.66,89,97,2.62
211,Lensk,RU,2022-08-14 16:04:36,60.7253,114.9278,47.07,95,40,3.31
212,Abu Dhabi,AE,2022-08-14 16:00:08,24.4667,54.3667,93.96,65,91,10.16
213,Stavrovo,RU,2022-08-14 16:04:37,56.1331,40.013,74.34,56,100,3.56
214,Asyut,EG,2022-08-14 16:04:37,27.181,31.1837,96.31,16,2,15.39
215,Alto Paraguai,BR,2022-08-14 16:04:38,-14.5136,-56.4825,98.78,17,8,8.39
216,Petropavlovsk-Kamchatskiy,RU,2022-08-14 16:02:37,53.0452,158.6483,53.76,99,100,3.8
217,Arman,RU,2022-08-14 16:04:39,59.7,150.1667,54.61,97,100,3.98
218,Flagstaff,US,2022-08-14 16:01:29,35.1981,-111.6513,71.98,64,0,8.05
219,Oriximina,BR,2022-08-14 16:04:40,-1.7656,-55.8661,93.13,41,15,6.08
220,Roros,NO,2022-08-14 16:04:40,62.5747,11.3842,75.04,38,0,11.5
221,Urengoy,RU,2022-08-14 16:04:41,65.9667,78.3667,52.74,95,100,14.41
222,Lonar,IN,2022-08-14 16:04:41,19.9833,76.5333,73.22,88,100,12.91
223,Matara,LK,2022-08-14 16:04:42,5.9485,80.5353,78.67,87,89,11.01
224,Dicabisagan,PH,2022-08-14 16:04:43,17.0818,122.4157,79.88,87,100,3.2
225,Barga,IT,2022-08-14 16:04:43,44.0742,10.4808,88.45,37,96,5.21
226,Barra Dos Coqueiros,BR,2022-08-14 16:04:44,-10.9089,-37.0386,71.62,94,75,13.8
227,Tabou,CI,2022-08-14 16:04:45,4.423,-7.3528,75.72,80,100,11.01
228,Gejiu,CN,2022-08-14 16:04:45,23.306,103.1635,59.14,93,34,1.45
229,Guiratinga,BR,2022-08-14 16:05:46,-16.3494,-53.7583,93.92,16,3,9.01
230,Tanete,ID,2022-08-14 16:05:46,-3.9443,119.7848,72.82,90,51,4.18
231,Boralday,KZ,2022-08-14 16:05:47,43.3578,76.8594,78.66,38,40,4.47
232,Lexington,US,2022-08-14 16:03:38,37.9887,-84.4777,80.1,68,75,11.5
233,Hovd,MN,2022-08-14 16:05:48,48.0056,91.6419,68.2,29,7,5.93
234,Balkhash,KZ,2022-08-14 16:05:48,46.844,74.9804,79.41,39,0,2.84
235,Bathsheba,BB,2022-08-14 16:05:49,13.2167,-59.5167,86.61,74,40,14.97
236,Nome,US,2022-08-14 16:05:49,64.5011,-165.4064,46.47,67,75,21.85
237,Sistranda,NO,2022-08-14 16:05:50,63.7256,8.834,69.76,78,96,6.96
238,Guanica,PR,2022-08-14 16:05:50,17.9716,-66.908,90.5,60,12,11.36
239,Roma,US,2022-08-14 16:05:51,43.2128,-75.4557,78.73,44,0,3.44
240,Dillon,US,2022-08-14 16:05:52,34.4166,-79.3712,86.25,27,37,5.39
241,Saint-Joseph,RE,2022-08-14 16:05:52,-21.3667,55.6167,68.38,71,31,14.07
242,Okha,RU,2022-08-14 16:05:53,53.5739,142.9478,52.11,96,100,4.99
243,Husavik,IS,2022-08-14 16:05:53,66.0449,-17.3389,46.4,86,93,13.4
244,Villarrica,PY,2022-08-14 16:05:54,-25.75,-56.4333,74.32,52,42,7.58
245,Vallenar,CL,2022-08-14 16:05:54,-28.5708,-70.7581,63.45,51,30,4.76
246,Lorengau,PG,2022-08-14 16:05:55,-2.0226,147.2712,80.53,67,89,5.35
247,Bolshaya Martynovka,RU,2022-08-14 16:05:55,47.271,41.6679,96.91,15,61,14.43
248,Zafra,ES,2022-08-14 16:05:56,38.4167,-6.4167,89.01,15,0,13.33
249,Kushmurun,KZ,2022-08-14 16:05:56,52.4503,64.6311,63.75,46,10,11.05
250,Saint Anthony,US,2022-08-14 16:05:57,45.0205,-93.218,69.78,77,75,5.75
251,Kidal,ML,2022-08-14 16:05:58,18.4411,1.4078,107.92,8,3,13.58
252,Semenivka,UA,2022-08-14 16:05:58,52.1783,32.5818,73.11,70,52,9.86
253,Port Elizabeth,ZA,2022-08-14 16:05:59,-33.918,25.5701,56.1,82,40,27.63
254,Derzhavinsk,KZ,2022-08-14 16:05:59,51.1,66.3167,67.12,39,9,10.56
255,Aklavik,CA,2022-08-14 16:06:00,68.2191,-135.0107,43.02,93,100,10.2
256,Merrill,US,2022-08-14 16:06:00,45.1805,-89.6835,65.8,94,100,4.61
257,San Jose,US,2022-08-14 16:02:07,37.3394,-121.895,72.54,68,0,3.44
258,Enid,US,2022-08-14 16:06:01,36.3956,-97.8784,94.01,41,0,11.5
259,Artyom,AZ,2022-08-14 16:06:02,40.4723,50.333,82.54,56,0,6.26
260,Inhambane,MZ,2022-08-14 16:06:02,-23.865,35.3833,74.07,80,18,19.46
261,Harper,LR,2022-08-14 16:06:03,4.375,-7.7169,75.45,80,100,11.63
262,Dakar,SN,2022-08-14 16:06:03,14.6937,-17.4441,88.68,76,18,11.34
263,San Quintin,MX,2022-08-14 16:06:04,30.4833,-115.95,74.57,73,0,5.19
264,Gorontalo,ID,2022-08-14 16:06:05,0.5412,123.0595,75.61,87,94,1.54
265,Opuwo,NA,2022-08-14 16:06:05,-18.0607,13.84,78.94,12,0,14.67
266,Los Alamos,US,2022-08-14 16:05:10,35.8881,-106.307,77.61,46,0,5.01
267,Champerico,GT,2022-08-14 16:06:06,14.3,-91.9167,86.54,76,99,4.36
268,Katherine,AU,2022-08-14 16:06:07,-14.4667,132.2667,64.72,36,12,6.91
269,Jalu,LY,2022-08-14 16:06:07,29.0331,21.5482,94.51,22,0,15.93
270,Thompson,CA,2022-08-14 16:06:08,55.7435,-97.8558,70.57,46,0,5.17
271,Narasapur,IN,2022-08-14 16:05:16,16.45,81.6667,77.4,90,100,8.77
272,Aksarka,RU,2022-08-14 16:06:10,66.5606,67.7975,47.57,57,100,16.82
273,Conceicao Da Barra,BR,2022-08-14 16:07:10,-18.5933,-39.7322,75.58,44,78,8.03
274,Hole Narsipur,IN,2022-08-14 16:07:11,12.7828,76.2431,68.52,86,100,9.91
275,Los Llanos De Aridane,ES,2022-08-14 16:07:11,28.6585,-17.9182,74.12,80,20,11.5
276,Leshukonskoye,RU,2022-08-14 16:07:12,64.8989,45.7622,58.32,62,100,4.56
277,Grand-Santi,GF,2022-08-14 16:07:12,4.25,-54.3833,91.58,41,75,5.03
278,Porto Santo,PT,2022-08-14 16:07:13,33.072,-16.3415,77.38,69,40,13.8
279,Laguna,US,2022-08-14 16:07:13,38.421,-121.4238,83.95,63,0,0.0
280,Portland,US,2022-08-14 16:05:11,45.5234,-122.6762,68.05,81,40,3.44
281,Oranjemund,NA,2022-08-14 16:07:14,-28.55,16.4333,55.9,64,79,16.73
282,Lubbock,US,2022-08-14 16:04:15,33.6001,-101.8338,89.38,43,0,9.22
283,Alice Springs,AU,2022-08-14 16:07:15,-23.7,133.8833,44.15,42,0,4.61
284,Romilly-Sur-Seine,FR,2022-08-14 16:07:16,48.5108,3.7263,72.72,84,100,15.12
285,Dongzhen,CN,2022-08-14 16:07:16,22.3797,110.9389,78.01,94,8,1.54
286,Makasar,ID,2022-08-14 16:07:17,-5.14,119.4221,73.45,100,20,2.3
287,Krasnyy Oktyabr,RU,2022-08-14 16:07:17,56.1167,38.8833,73.31,58,90,5.21
288,Ipixuna,BR,2022-08-14 16:07:18,-1.7625,-48.8043,92.86,38,31,4.81
289,Raudeberg,NO,2022-08-14 16:07:18,61.9875,5.1352,68.67,82,83,3.11
290,Ilo,PE,2022-08-14 16:07:19,-17.6394,-71.3375,61.86,71,7,7.94
291,Makakilo City,US,2022-08-14 16:07:20,21.3469,-158.0858,75.69,72,0,12.66
292,Tiarei,PF,2022-08-14 16:07:20,-17.5333,-149.3333,71.62,77,38,14.74
293,Chililabombwe,ZM,2022-08-14 16:07:21,-12.3648,27.8229,72.75,22,5,3.38
294,Cap Malheureux,MU,2022-08-14 16:07:21,-19.9842,57.6142,69.48,71,84,5.01
295,Mangrol,IN,2022-08-14 16:07:22,21.1167,70.1167,79.99,86,44,21.23
296,Ipala,GT,2022-08-14 16:07:22,14.6167,-89.6167,79.92,72,90,2.89
297,Preobrazheniye,RU,2022-08-14 16:07:23,42.9019,133.9064,69.21,78,100,3.69
298,Mandan,US,2022-08-14 16:07:23,46.8267,-100.8896,75.18,88,0,12.66
299,Saint George,US,2022-08-14 16:07:24,37.1041,-113.5841,84.63,45,0,3.44
300,Itarema,BR,2022-08-14 16:07:24,-2.9248,-39.9167,87.71,45,15,17.38
301,Ojinaga,MX,2022-08-14 16:07:25,29.5667,-104.4167,91.42,45,0,6.91
302,Talnakh,RU,2022-08-14 16:07:26,69.4865,88.3972,59.31,54,100,4.97
303,Soe,ID,2022-08-14 16:07:26,-9.8607,124.284,64.17,87,19,5.84
304,Awjilah,LY,2022-08-14 16:07:27,29.1081,21.2869,95.11,22,0,13.94
305,Dingle,PH,2022-08-14 16:07:27,10.9995,122.6711,75.88,94,100,8.9
306,Pochuta,GT,2022-08-14 16:07:28,14.55,-91.0833,82.27,61,100,4.09
307,Boende,CD,2022-08-14 16:07:28,-0.2167,20.8667,89.26,37,96,3.65
308,Lompoc,US,2022-08-14 16:07:29,34.6391,-120.4579,57.61,98,100,9.22
309,Cockburn Town,TC,2022-08-14 16:07:30,21.4612,-71.1419,82.13,73,9,11.1
310,Souillac,MU,2022-08-14 16:07:30,-20.5167,57.5167,70.18,73,75,16.11
311,Lagoa,PT,2022-08-14 16:07:31,39.05,-27.9833,75.81,85,2,11.54
312,Pevek,RU,2022-08-14 16:07:31,69.7008,170.3133,32.32,87,94,6.38
313,Poum,NC,2022-08-14 16:07:32,-20.2333,164.0167,74.44,84,82,16.2
314,Timra,SE,2022-08-14 16:07:32,62.487,17.3257,64.08,82,12,11.5
315,Xiantao,CN,2022-08-14 16:07:33,30.3833,113.4,87.4,55,83,8.01
316,Saldanha,ZA,2022-08-14 16:07:33,-33.0117,17.9442,54.59,63,2,12.71
317,Boysun,UZ,2022-08-14 16:07:34,38.2061,67.1986,76.66,22,0,3.51
318,Fujin,CN,2022-08-14 16:07:34,47.26,132.0322,61.59,81,97,1.54
319,Choma,ZM,2022-08-14 16:07:35,-16.8065,26.9531,73.67,19,0,1.9
320,Dzilam Gonzalez,MX,2022-08-14 16:08:36,21.2833,-88.9333,88.61,54,93,3.51
321,Ouesso,CG,2022-08-14 16:08:36,1.6136,16.0517,84.52,52,88,2.3
322,Shirpur,IN,2022-08-14 16:08:14,21.35,74.8833,78.24,84,100,12.68
323,Keningau,MY,2022-08-14 16:08:37,5.3378,116.1602,72.77,96,100,1.43
324,Big Spring,US,2022-08-14 16:08:06,32.2504,-101.4787,90.23,43,40,4.61
325,Solnechnyy,RU,2022-08-14 16:08:38,50.7214,136.6319,56.66,93,85,2.21
326,Huarmey,PE,2022-08-14 16:08:38,-10.0681,-78.1522,67.19,73,46,10.13
327,Kruisfontein,ZA,2022-08-14 16:08:39,-34.0033,24.7314,53.89,67,42,27.83
328,Goderich,CA,2022-08-14 16:08:39,43.7501,-81.7165,70.92,47,6,5.46
329,Clyde River,CA,2022-08-14 16:08:40,70.4692,-68.5914,46.63,81,40,4.61
330,Bondoukou,CI,2022-08-14 16:08:41,8.0333,-2.8,79.54,77,98,8.14
331,Nikolayevka,RU,2022-08-14 16:08:41,53.1257,47.2041,70.57,58,71,7.34
332,Batemans Bay,AU,2022-08-14 16:08:42,-35.7167,150.1833,56.1,58,89,9.28
333,Pravokubanskiy,RU,2022-08-14 16:08:42,43.9172,41.8841,76.75,61,15,1.88
334,Naze,JP,2022-08-14 16:08:43,28.3667,129.4833,81.27,81,74,14.09
335,Altay,CN,2022-08-14 16:08:43,47.8667,88.1167,62.91,45,0,6.02
336,Atherton,GB,2022-08-14 16:08:40,53.5237,-2.4935,91.89,28,35,1.99
337,Tiznit,MA,2022-08-14 16:08:44,29.5833,-9.5,83.75,44,1,8.88
338,Road Town,VG,2022-08-14 16:08:45,18.4167,-64.6167,89.69,79,75,5.75
339,Kango,GA,2022-08-14 16:08:45,0.1943,10.0951,88.29,39,24,8.19
340,Mount Darwin,ZW,2022-08-14 16:08:46,-16.7725,31.5838,72.18,27,0,6.11
341,Oussouye,SN,2022-08-14 16:08:46,12.485,-16.5469,81.66,78,88,9.78
342,Cabatuan,PH,2022-08-14 16:08:47,10.8794,122.486,75.92,93,100,8.41
343,Isangel,VU,2022-08-14 16:08:47,-19.55,169.2667,74.77,78,97,19.3
344,Kahului,US,2022-08-14 16:08:48,20.8947,-156.47,77.02,76,40,6.91
345,Noumea,NC,2022-08-14 16:08:48,-22.2763,166.4572,73.99,99,81,9.53
346,Turbat,PK,2022-08-14 16:08:49,26.0023,63.044,85.93,72,90,10.58
347,Berbera,SO,2022-08-14 16:06:19,10.4396,45.0143,93.83,44,32,5.55
348,Quelimane,MZ,2022-08-14 16:08:50,-17.8786,36.8883,80.55,54,0,4.61
349,Carutapera,BR,2022-08-14 16:08:50,-1.195,-46.02,85.48,59,23,10.33
350,Kaifeng,CN,2022-08-14 16:08:51,34.7911,114.3483,86.45,65,97,10.13
351,Avera,US,2022-08-14 16:08:51,33.194,-82.5271,84.54,34,29,2.26
352,Magomeni,TZ,2022-08-14 16:08:52,-6.8,39.25,75.69,73,18,9.93
353,Mbandaka,CD,2022-08-14 16:08:53,0.0487,18.2603,83.17,48,58,2.55
354,Rio Grande,BR,2022-08-14 16:08:53,-32.035,-52.0986,73.51,74,0,11.5
355,Jalingo,NG,2022-08-14 16:08:54,8.8833,11.3667,74.62,91,99,9.44
356,Lavrentiya,RU,2022-08-14 16:08:54,65.5833,-171.0,37.13,80,52,6.58
357,Iquique,CL,2022-08-14 16:08:55,-20.2208,-70.1431,60.84,64,34,9.28
358,Tukrah,LY,2022-08-14 16:08:55,32.5341,20.5791,83.21,64,0,11.92
359,Turka,UA,2022-08-14 16:08:56,49.1541,23.0297,75.79,87,96,4.59
360,Havre-Saint-Pierre,CA,2022-08-14 16:08:57,50.2334,-63.5986,64.11,76,100,9.55
361,Mahajanga,MG,2022-08-14 16:08:57,-15.7167,46.3167,74.98,71,12,7.56
362,Sturgis,US,2022-08-14 16:08:58,41.7992,-85.4192,65.68,89,100,6.91
363,Formosa,AR,2022-08-14 16:08:58,-26.1775,-58.1781,89.58,35,0,13.8
364,Saskylakh,RU,2022-08-14 16:08:59,71.9167,114.0833,43.88,75,0,3.33
365,Methoni,GR,2022-08-14 16:09:00,36.8197,21.7049,86.22,66,0,13.8
366,Zhangjiakou,CN,2022-08-14 16:10:00,40.81,114.8794,70.52,90,50,4.41
367,Geraldton,AU,2022-08-14 16:10:01,-28.7667,114.6,50.41,87,0,10.36
368,Mareeba,AU,2022-08-14 16:10:02,-17.0,145.4333,63.32,86,29,2.08
369,Bereda,ES,2022-08-14 16:10:02,43.2686,-7.5406,83.41,52,91,8.32
370,Saint-Philippe,RE,2022-08-14 16:10:03,-21.3585,55.7679,69.39,72,42,15.75
371,Klaksvik,FO,2022-08-14 16:10:03,62.2266,-6.589,54.52,85,100,8.08
372,Dunedin,NZ,2022-08-14 16:10:04,-45.8742,170.5036,46.8,71,87,5.99
373,Varna,BG,2022-08-14 16:10:04,43.2167,27.9167,77.43,81,71,9.22
374,Ukwa,IN,2022-08-14 16:10:05,21.9667,80.4667,71.31,98,100,8.25
375,Sorong,ID,2022-08-14 16:10:05,-0.8833,131.25,76.39,93,100,4.61
376,Lircay,PE,2022-08-14 16:10:06,-12.9896,-74.7205,57.25,45,7,7.07
377,Soyo,AO,2022-08-14 16:10:06,-6.1349,12.3689,72.91,68,8,8.84
378,Siuna,NI,2022-08-14 16:09:22,13.7332,-84.7773,83.28,73,100,2.08
379,Najran,SA,2022-08-14 16:10:07,17.4924,44.1277,94.03,12,89,14.67
380,Lloydminster,CA,2022-08-14 16:10:08,53.2835,-110.0016,64.62,82,75,11.5
381,Biak,ID,2022-08-14 16:10:08,-0.9131,122.8766,75.99,83,100,7.05
382,Port-Cartier,CA,2022-08-14 16:10:09,50.0334,-66.8654,64.74,56,100,3.06
383,Caxias,PT,2022-08-14 16:10:09,38.7031,-9.2767,78.48,54,20,17.27
384,Uglovskoye,RU,2022-08-14 16:10:10,51.3557,80.1942,64.54,41,34,7.11
385,Yerbogachen,RU,2022-08-14 16:10:10,61.2767,108.0108,43.88,89,80,2.39
386,Zhaotong,CN,2022-08-14 16:10:11,27.3167,103.7167,65.35,87,87,3.83
387,Hayden,US,2022-08-14 16:10:12,47.766,-116.7866,70.92,55,0,9.22
388,Waseca,US,2022-08-14 16:10:12,44.0777,-93.5074,70.43,81,75,5.75
389,Caravelas,BR,2022-08-14 16:10:13,-17.7125,-39.2481,76.41,47,85,9.31
390,Challapata,BO,2022-08-14 16:10:13,-18.9,-66.7667,51.01,25,73,8.3
391,Pangnirtung,CA,2022-08-14 16:10:14,66.1451,-65.7125,43.56,90,100,3.85
392,College,US,2022-08-14 16:10:14,64.8569,-147.8028,58.23,87,75,4.61
393,Mamallapuram,IN,2022-08-14 16:10:15,12.6264,80.1722,86.05,71,100,9.55
394,Lagos,NG,2022-08-14 16:06:11,6.5833,3.75,74.82,91,100,11.81
395,Todos Santos,MX,2022-08-14 16:09:46,23.45,-110.2167,91.04,78,54,3.27
396,Belmonte,BR,2022-08-14 16:10:16,-15.8631,-38.8828,75.09,57,78,10.16
397,Muros,ES,2022-08-14 16:10:17,42.7762,-9.0603,77.16,86,69,6.35
398,Roald,NO,2022-08-14 16:10:17,62.5833,6.1333,69.91,72,0,3.44
399,Luau,AO,2022-08-14 16:10:18,-10.7073,22.2247,84.94,11,10,0.96
400,Fort Saint James,CA,2022-08-14 16:10:18,54.4333,-124.25,59.99,61,9,5.21
401,Ashdod,IL,2022-08-14 16:10:19,31.8167,34.65,86.22,67,0,10.27
402,Berlevag,NO,2022-08-14 16:10:19,70.8578,29.0864,51.75,71,100,28.77
403,Villa Union,MX,2022-08-14 16:10:20,23.2,-106.2333,85.91,89,75,0.0
404,Camana,PE,2022-08-14 16:10:21,-16.6228,-72.7111,63.37,70,74,8.86
405,Mana,GF,2022-08-14 16:10:21,5.6592,-53.7767,85.84,61,91,11.01
406,Mitsamiouli,KM,2022-08-14 16:10:22,-11.3847,43.2844,75.81,76,19,9.44
407,Marfino,RU,2022-08-14 16:10:23,55.7028,37.3822,79.05,41,0,8.95
408,Abapo,BO,2022-08-14 16:10:23,-18.8333,-63.4667,90.52,26,25,3.42
409,Nargana,PA,2022-08-14 16:10:24,9.4428,-78.5906,82.11,74,48,1.66
410,Burns Lake,CA,2022-08-14 16:10:24,54.2331,-125.7533,58.08,65,27,3.74
411,Varhaug,NO,2022-08-14 16:10:25,58.6147,5.6457,78.35,73,46,15.88
412,Argelia,CO,2022-08-14 16:11:26,2.2556,-77.2488,76.68,68,55,2.37
413,Kumo,NG,2022-08-14 16:11:26,10.0447,11.2122,75.94,81,90,12.93
414,Kontagora,NG,2022-08-14 16:11:27,10.3999,5.4695,72.9,96,100,3.4
415,Iqaluit,CA,2022-08-14 16:11:27,63.7506,-68.5145,43.7,81,100,5.99
416,Svetlaya,RU,2022-08-14 16:11:28,46.5389,138.3297,62.42,91,23,3.53
417,Herat,AF,2022-08-14 16:07:51,34.5,62.0,83.25,14,0,26.66
418,Namatanai,PG,2022-08-14 16:11:29,-3.6667,152.4333,79.32,81,100,4.43
419,Sao Joao Da Barra,BR,2022-08-14 16:11:29,-21.6403,-41.0511,77.09,56,8,14.92
420,Thunder Bay,CA,2022-08-14 16:07:27,48.4001,-89.3168,60.71,88,100,2.3
421,Nantucket,US,2022-08-14 16:11:30,41.2835,-70.0995,78.94,59,20,10.36
422,Sete,FR,2022-08-14 16:11:31,43.4018,3.6966,82.44,65,17,7.87
423,Banbury,GB,2022-08-14 16:11:31,52.0602,-1.3403,92.25,24,96,1.01
424,Verkhoyansk,RU,2022-08-14 16:11:32,67.5447,133.385,50.07,84,9,2.93
425,Severomorsk,RU,2022-08-14 16:11:32,69.0689,33.4162,61.2,63,86,11.83
426,Gat,IL,2022-08-14 16:11:33,31.61,34.7642,84.81,100,0,11.48
427,Visnes,NO,2022-08-14 16:11:33,59.3556,5.2242,77.38,53,0,11.5
428,Port Hedland,AU,2022-08-14 16:11:34,-20.3167,118.5667,68.05,77,0,5.75
429,Ancud,CL,2022-08-14 16:11:34,-41.8697,-73.8203,44.76,73,100,13.94
430,Salalah,OM,2022-08-14 16:08:07,17.0151,54.0924,75.13,96,100,6.49
431,Fallon,US,2022-08-14 16:11:35,39.4735,-118.7774,80.46,18,1,5.77
432,Puerto Asis,CO,2022-08-14 16:11:36,0.5133,-76.5007,72.14,94,99,1.41
433,Colares,PT,2022-08-14 16:11:36,38.7992,-9.4469,78.33,56,20,17.27
434,Hvolsvollur,IS,2022-08-14 16:11:37,63.7533,-20.2243,54.27,60,85,9.1
435,Mandalgovi,MN,2022-08-14 16:11:37,45.7625,106.2708,57.06,75,0,8.79
436,Vestmannaeyjar,IS,2022-08-14 16:11:38,63.4427,-20.2734,54.59,76,0,16.11
437,Patiya,BD,2022-08-14 16:11:39,22.2931,91.9762,77.56,86,100,5.17
438,Sao Jose Da Coroa Grande,BR,2022-08-14 16:11:39,-8.8978,-35.1478,79.72,60,60,11.45
439,Olafsvik,IS,2022-08-14 16:11:40,64.8945,-23.7142,50.72,62,20,11.05
440,Acarau,BR,2022-08-14 16:11:40,-2.8856,-40.12,87.58,46,13,16.46
441,Tivaouane,SN,2022-08-14 16:11:41,14.9515,-16.8129,88.14,59,93,12.35
442,Truckee,US,2022-08-14 16:10:04,39.328,-120.1833,73.81,32,0,1.99
443,Ponerihouen,NC,2022-08-14 16:11:42,-21.0833,165.4,71.33,89,70,7.74
444,Tessalit,ML,2022-08-14 16:11:42,20.1986,1.0114,106.68,11,28,4.5
445,Karasjok,NO,2022-08-14 16:11:43,69.4719,25.5112,55.36,53,29,7.61
446,Leningradskiy,RU,2022-08-14 16:11:44,69.3833,178.4167,30.24,90,78,1.07
447,Touros,BR,2022-08-14 16:09:07,-5.1989,-35.4608,82.53,60,40,18.19
448,Sirsilla,IN,2022-08-14 16:11:44,18.3833,78.8333,73.98,92,100,11.65
449,Zaria,NG,2022-08-14 16:11:45,11.1113,7.7227,70.93,91,99,7.36
450,Kassala,SD,2022-08-14 16:11:46,15.451,36.4,88.07,53,89,1.01
451,Sao Francisco Do Sul,BR,2022-08-14 16:11:46,-26.2433,-48.6381,70.99,72,100,5.37
452,Montes Altos,BR,2022-08-14 16:11:47,-5.8333,-47.0667,96.91,19,5,9.1
453,Lake Havasu City,US,2022-08-14 16:11:47,34.4839,-114.3224,93.2,46,0,12.66
454,Rosario Do Sul,BR,2022-08-14 16:11:48,-30.2583,-54.9142,67.87,76,22,9.98
455,Cascais,PT,2022-08-14 16:11:48,38.6979,-9.4215,78.51,58,20,17.27
456,Besancon,FR,2022-08-14 16:11:49,47.2488,6.0182,76.19,59,97,8.95
457,Mattru,SL,2022-08-14 16:11:49,7.6244,-11.8332,73.85,94,100,4.45
458,Gamba,GA,2022-08-14 16:11:50,-2.65,10.0,74.97,69,99,8.7
459,Golden,US,2022-08-14 16:10:01,39.7555,-105.2211,82.67,45,20,5.75
460,Aksu,CN,2022-08-14 16:12:51,41.1231,80.2644,84.47,34,64,6.4
461,Qingdao,CN,2022-08-14 16:10:50,36.0986,120.3719,81.93,93,100,5.03
462,Svetlogorsk,BY,2022-08-14 16:12:52,52.6333,29.7333,68.81,84,68,13.51
463,Missoula,US,2022-08-14 16:12:50,47.0166,-113.8009,62.85,49,0,2.55
464,Mahibadhoo,MV,2022-08-14 16:12:53,3.7833,72.9667,81.59,77,71,6.69
465,Kaeo,NZ,2022-08-14 16:12:54,-35.1,173.7833,48.33,94,100,4.21
466,Balaipungut,ID,2022-08-14 16:12:54,1.05,101.2833,76.75,92,60,2.19
467,Sovkhoznyy,RU,2022-08-14 16:12:55,45.2946,38.1138,86.31,47,45,12.24
468,Bafq,IR,2022-08-14 16:12:55,31.6128,55.4107,89.73,10,0,10.2
469,Tixpehual,MX,2022-08-14 16:12:56,20.9833,-89.5167,87.01,74,75,6.91
470,De Aar,ZA,2022-08-14 16:12:57,-30.6497,24.0123,48.56,32,49,17.58
471,Urgut,UZ,2022-08-14 16:12:57,39.4022,67.2431,78.42,24,0,1.79
472,Kargasok,RU,2022-08-14 16:12:58,59.0556,80.8572,52.81,82,100,20.38
473,Ahuas,HN,2022-08-14 16:12:58,15.4759,-84.3553,84.06,75,43,4.18
474,Eregli,TR,2022-08-14 16:12:59,37.5133,34.0467,87.21,25,45,8.55
475,Domoni,KM,2022-08-14 16:12:59,-12.2569,44.5319,75.79,72,80,7.36
476,Savannah Bight,HN,2022-08-14 16:13:00,16.45,-85.85,82.2,78,47,14.85
477,Verkhnevilyuysk,RU,2022-08-14 16:13:00,63.4453,120.3167,54.05,98,100,7.25
478,Guarapari,BR,2022-08-14 16:13:01,-20.6667,-40.4975,73.89,48,25,14.63
479,Maragogi,BR,2022-08-14 16:13:02,-9.0122,-35.2225,79.57,61,48,11.01
480,Gimli,CA,2022-08-14 16:13:02,50.6336,-96.9907,68.5,73,100,1.5
481,Itupiranga,BR,2022-08-14 16:13:03,-5.1347,-49.3267,93.52,25,8,6.4
482,Northam,GB,2022-08-14 16:13:03,51.0333,-4.2167,79.63,39,91,9.1
483,Havoysund,NO,2022-08-14 16:13:04,70.9963,24.6622,50.23,87,77,21.47
484,Mulege,MX,2022-08-14 16:13:04,26.8833,-111.9833,87.8,61,36,1.28
485,Yumen,CN,2022-08-14 16:13:05,40.2833,97.2,75.51,25,2,8.39
486,Reconquista,AR,2022-08-14 16:13:05,-29.15,-59.65,80.38,48,0,13.65
487,Kachug,RU,2022-08-14 16:13:06,53.9606,105.8817,55.4,69,46,0.69
488,Constantine,DZ,2022-08-14 16:13:06,36.365,6.6147,101.61,16,40,16.11
489,Gidole,ET,2022-08-14 16:13:07,5.65,37.3667,62.13,60,91,1.25
490,Mount Isa,AU,2022-08-14 16:08:32,-20.7333,139.5,42.57,52,21,4.61
491,Passagem Franca,BR,2022-08-14 16:13:08,-6.1797,-43.7836,94.95,18,78,7.29
492,Fasa,IR,2022-08-14 16:13:08,28.9383,53.6482,88.95,11,0,8.84
493,Murgab,TM,2022-08-14 16:13:09,37.4966,61.9714,87.37,15,0,9.98
494,Sangar,RU,2022-08-14 16:13:09,63.9242,127.4739,56.53,94,100,7.38
495,Acala,MX,2022-08-14 16:13:10,16.5667,-92.8,80.82,77,74,2.35
496,Jaguaribe,BR,2022-08-14 16:13:10,-5.8906,-38.6219,92.68,21,61,9.01
497,Monchegorsk,RU,2022-08-14 16:13:11,67.9397,32.8739,58.35,59,93,9.57
498,Thinadhoo,MV,2022-08-14 16:13:12,0.5333,72.9333,83.57,72,100,6.24
499,Tautira,PF,2022-08-14 16:13:12,-17.7333,-149.15,77.34,78,64,14.16
500,Tual,ID,2022-08-14 16:13:13,-5.6667,132.75,79.88,81,100,20.67
501,Teguldet,RU,2022-08-14 16:13:13,57.3064,88.1667,53.58,96,77,11.32
502,Saint Andrews,US,2022-08-14 16:13:14,34.0454,-81.1293,87.58,47,20,5.75
503,Mashhad,IR,2022-08-14 16:14:14,36.297,59.6062,82.54,30,0,9.22
504,Akureyri,IS,2022-08-14 16:09:33,65.6835,-18.0878,48.76,73,97,9.91
505,Ballina,AU,2022-08-14 16:14:15,-28.8667,153.5667,50.77,69,4,9.01
506,Nokaneng,BW,2022-08-14 16:14:16,-19.6667,22.2667,76.87,12,0,5.44
507,Wasilla,US,2022-08-14 16:14:16,61.5814,-149.4394,54.55,89,100,4.61
508,Itainopolis,BR,2022-08-14 16:14:17,-7.4469,-41.4783,93.97,23,99,11.21
509,San Ramon,US,2022-08-14 16:13:15,37.7799,-121.978,70.39,77,0,0.0
510,Buchanan,LR,2022-08-14 16:14:18,5.8808,-10.0467,77.5,81,98,11.39
511,Hay River,CA,2022-08-14 16:14:19,60.8156,-115.7999,69.17,48,0,5.32
512,Puerto Colombia,CO,2022-08-14 16:13:36,10.9878,-74.9547,86.09,75,27,4.59
513,Paamiut,GL,2022-08-14 16:14:20,61.994,-49.6678,44.6,97,100,6.96
514,Drayton Valley,CA,2022-08-14 16:14:20,53.2168,-114.9854,62.67,73,5,1.7
515,Virginia Beach,US,2022-08-14 16:14:21,36.8529,-75.978,82.06,54,75,6.91
516,Bolshaya Rechka,RU,2022-08-14 16:14:21,51.9503,104.7355,61.07,75,44,1.39
517,Santa Marta,CO,2022-08-14 16:09:43,11.2408,-74.199,83.07,73,80,3.8
518,Maniitsoq,GL,2022-08-14 16:14:22,65.4167,-52.9,43.02,91,100,20.89
519,Jacareacanga,BR,2022-08-14 16:14:23,-6.2222,-57.7528,93.04,40,40,5.64
520,Sakaraha,MG,2022-08-14 16:14:24,-22.9,44.5333,72.7,38,10,1.52
521,Yuancheng,CN,2022-08-14 16:14:24,36.652,107.7896,75.6,33,100,16.6
522,Namibe,AO,2022-08-14 16:14:25,-15.1961,12.1522,66.83,79,17,13.94
523,Paragominas,BR,2022-08-14 16:14:25,-2.9667,-47.4833,89.71,39,65,6.49
524,Shizunai,JP,2022-08-14 16:14:26,42.3339,142.3669,66.56,82,51,6.2
525,Wichita Falls,US,2022-08-14 16:10:05,33.9137,-98.4934,95.25,42,0,8.05
526,Katobu,ID,2022-08-14 16:14:26,-4.9408,122.5276,72.27,89,77,3.56
527,Natal,BR,2022-08-14 16:12:53,-5.795,-35.2094,84.85,61,75,12.66
528,Karratha,AU,2022-08-14 16:14:27,-20.7377,116.8463,72.99,62,0,0.69
529,Manggar,ID,2022-08-14 16:14:28,-2.8833,108.2667,79.92,81,16,1.92
530,Natitingou,BJ,2022-08-14 16:14:28,10.3042,1.3796,78.06,76,100,10.22
531,Yeniseysk,RU,2022-08-14 16:14:29,58.4497,92.1703,55.45,97,98,10.07
532,Sassandra,CI,2022-08-14 16:14:29,4.95,-6.0833,77.9,77,99,10.76
533,General Roca,AR,2022-08-14 16:14:30,-39.0333,-67.5833,56.62,38,100,13.8
534,Vao,NC,2022-08-14 16:14:31,-22.6667,167.4833,72.45,80,100,23.73
535,Pandan,PH,2022-08-14 16:14:31,14.0453,124.1694,80.08,85,100,6.69
536,Santa Isabel Do Rio Negro,BR,2022-08-14 16:14:32,-0.4139,-65.0192,91.35,47,9,3.15
537,Buraydah,SA,2022-08-14 16:14:32,26.326,43.975,103.62,9,7,12.15
538,Krasnoselkup,RU,2022-08-14 16:14:33,65.7,82.4667,59.77,54,98,8.9
539,Alindao,CF,2022-08-14 16:14:33,5.0267,21.2088,74.43,91,100,3.33
540,Haines Junction,CA,2022-08-14 16:14:34,60.7522,-137.5108,58.95,67,93,5.75
541,Hami,CN,2022-08-14 16:14:34,42.8,93.45,83.64,20,0,10.67
542,Port Macquarie,AU,2022-08-14 16:14:35,-31.4333,152.9167,43.9,73,0,7.92
543,Maceio,BR,2022-08-14 16:14:35,-9.6658,-35.7353,85.44,51,75,12.66
544,San Ignacio,BZ,2022-08-14 16:14:36,17.1561,-89.0714,86.14,70,0,4.61
545,Yarmouth,US,2022-08-14 16:14:37,41.7057,-70.2286,81.61,57,75,5.75
546,Alcaniz,ES,2022-08-14 16:14:37,41.05,-0.1333,98.17,11,53,19.57
547,Boksitogorsk,RU,2022-08-14 16:14:38,59.474,33.8485,73.6,63,88,4.56
548,Mbini,GQ,2022-08-14 16:15:38,1.574,9.6134,79.65,66,84,15.7
549,Hervey Bay,AU,2022-08-14 16:15:39,-25.2986,152.8535,57.9,63,0,5.95
550,Mitikas,GR,2022-08-14 16:15:39,38.6699,20.9466,82.11,54,2,12.91
551,Bijar,IR,2022-08-14 16:15:40,35.8668,47.6051,85.41,11,6,11.74
552,Gigmoto,PH,2022-08-14 16:12:31,13.7796,124.39,80.37,85,100,7.14
553,Goroka,PG,2022-08-14 16:15:41,-6.0834,145.3873,57.58,97,94,1.36
554,Sundumbili,ZA,2022-08-14 16:15:41,-29.1337,31.3975,62.89,56,13,9.51
555,Gap,FR,2022-08-14 16:15:42,44.6667,6.0,56.84,75,77,3.56
556,Mizque,BO,2022-08-14 16:15:42,-17.941,-65.3402,77.38,30,54,2.95
557,Marzuq,YE,2022-08-14 16:15:43,14.4,46.4667,83.03,36,97,10.31
558,Taoudenni,ML,2022-08-14 16:15:43,22.6783,-3.9836,114.84,7,1,10.69
